Time (s),Accel X,Accel Y,Accel Z,Gyro X,Gyro Y,Gyro Z
0.1003713607788086,-7.335644531250001,-1.5264648437500001,6.50302734375,-0.48828125,0.30517578125,0.42724609375
0.20067119598388672,-7.369140625000001,-1.5503906250000001,6.483886718750001,0.244140625,0.0,-0.244140625
0.3011636734008789,-7.369140625000001,-1.54560546875,6.4886718750000005,0.0,0.54931640625,-0.18310546875
0.4021458625793457,-7.369140625000001,-1.5503906250000001,6.483886718750001,0.0,0.0,-0.1220703125
0.5026638507843018,-7.3978515625000005,-1.5503906250000001,6.44560546875,0.0,0.42724609375,0.06103515625
0.6033201217651367,-7.3787109375,-1.5408203125000002,6.474316406250001,0.18310546875,-0.30517578125,0.0
0.7038707733154297,-7.383496093750001,-1.5264648437500001,6.4791015625,0.06103515625,-0.54931640625,0.0
0.804401159286499,-7.3787109375,-1.54560546875,6.474316406250001,0.18310546875,-0.244140625,0.0
0.9047563076019287,-7.369140625000001,-1.5216796875,6.49345703125,0.18310546875,-0.06103515625,0.0
1.0051138401031494,-7.3787109375,-1.53125,6.483886718750001,0.0,0.3662109375,-0.54931640625
1.105769395828247,-7.38828125,-1.56953125,6.450390625000001,-0.18310546875,0.91552734375,-0.244140625
1.2063770294189453,-7.3739257812500005,-1.5551757812500002,6.459960937500001,0.18310546875,-0.06103515625,-0.30517578125
1.3068547248840332,-7.407421875000001,-1.53603515625,6.450390625000001,0.30517578125,-0.91552734375,0.06103515625
1.4072954654693604,-7.38828125,-1.5647460937500002,6.45517578125,-0.06103515625,0.0,-0.1220703125
1.5075914859771729,-7.3739257812500005,-1.5599609375,6.459960937500001,0.244140625,-0.54931640625,0.0
1.607825756072998,-7.3787109375,-1.5743164062500001,6.450390625000001,0.1220703125,0.0,-0.06103515625
1.7083001136779785,-7.407421875000001,-1.5743164062500001,6.450390625000001,0.0,0.244140625,0.0
1.8088805675506592,-7.369140625000001,-1.5647460937500002,6.474316406250001,-0.06103515625,0.244140625,0.0
1.9091484546661377,-7.3739257812500005,-1.5599609375,6.4408203125000005,-0.1220703125,0.91552734375,-0.30517578125
2.0094594955444336,-7.416992187500001,-1.5647460937500002,6.436035156250001,0.1220703125,-0.48828125,0.06103515625
2.1099677085876465,-7.41220703125,-1.5647460937500002,6.4168945312500005,-0.18310546875,0.48828125,0.18310546875
2.210228681564331,-7.3739257812500005,-1.6221679687500001,6.402539062500001,-0.6103515625,1.64794921875,0.0
2.310821294784546,-7.50791015625,-1.67958984375,6.474316406250001,-2.01416015625,4.5166015625,-0.8544921875
2.4110312461853027,-7.455273437500001,-1.53125,6.306835937500001,0.8544921875,-0.91552734375,-0.42724609375
2.511399984359741,-7.4217773437500005,-1.48818359375,6.402539062500001,0.0,-1.953125,0.79345703125
2.6118316650390625,-7.40263671875,-1.7322265625000002,6.402539062500001,-1.0986328125,-0.91552734375,0.9765625
2.712021827697754,-7.35478515625,-1.5264648437500001,6.55087890625,-0.06103515625,-0.48828125,-0.244140625
2.8124630451202393,-7.440917968750001,-1.5886718750000002,6.412109375000001,1.03759765625,-2.44140625,0.18310546875
2.9126932621002197,-7.36435546875,-1.473828125,6.4647460937500005,0.3662109375,-3.47900390625,0.91552734375
3.0131025314331055,-7.249511718750001,-1.5551757812500002,6.570019531250001,-2.50244140625,1.8310546875,1.46484375
3.113666534423828,-7.38828125,-1.56953125,6.46953125,1.03759765625,-0.67138671875,-0.18310546875
3.213834762573242,-7.36435546875,-1.5216796875,6.450390625000001,0.6103515625,0.48828125,-0.6103515625
3.314340829849243,-7.120312500000001,-1.665234375,6.565234375,-1.40380859375,4.5166015625,-2.0751953125
3.4147777557373047,-7.5318359375,-1.67958984375,6.5125976562500005,-1.89208984375,6.2255859375,-2.0751953125
3.515098810195923,-7.4744140625,-1.5791015625000002,6.39775390625,1.0986328125,-2.74658203125,0.06103515625
3.615463972091675,-7.46005859375,-1.63173828125,6.316406250000001,-0.6103515625,-0.67138671875,1.0986328125
3.7158377170562744,-7.4265625,-1.6508789062500002,6.39775390625,0.06103515625,-1.40380859375,-0.48828125
3.8164899349212646,-7.4217773437500005,-1.7130859375,6.4647460937500005,-1.46484375,0.244140625,-0.30517578125
3.9167819023132324,-7.345214843750001,-1.6125976562500002,6.522167968750001,-1.64794921875,-0.732421875,-0.54931640625
4.016952037811279,-7.38828125,-1.6125976562500002,6.39775390625,-0.3662109375,-1.953125,-0.244140625
4.117345809936523,-7.40263671875,-1.7322265625000002,6.4216796875,-0.67138671875,0.67138671875,0.48828125
4.217529773712158,-7.225585937500001,-1.68916015625,6.531738281250001,-3.0517578125,2.99072265625,0.79345703125
4.318173885345459,-7.2542968750000005,-1.68916015625,6.49345703125,-4.638671875,6.7138671875,-0.3662109375
4.418534994125366,-7.69931640625,-1.703515625,6.05322265625,-4.0283203125,6.16455078125,0.9765625
4.519114255905151,-7.656250000000001,-1.8422851562500002,6.07236328125,-1.52587890625,-0.18310546875,1.5869140625
4.619581937789917,-7.512695312500001,-1.7561523437500002,6.25419921875,0.732421875,-2.9296875,0.42724609375
4.7199907302856445,-7.5414062500000005,-1.54560546875,6.30205078125,-0.48828125,-3.96728515625,0.48828125
4.820451259613037,-7.431347656250001,-1.8040039062500002,6.3259765625,-0.91552734375,-2.13623046875,1.77001953125
4.921132326126099,-7.41220703125,-1.82314453125,6.354687500000001,-0.3662109375,-1.46484375,0.91552734375
5.021759748458862,-7.440917968750001,-1.6125976562500002,6.3833984375,-0.06103515625,-3.0517578125,0.67138671875
5.1232030391693115,-7.38828125,-1.67958984375,6.39775390625,0.732421875,-3.11279296875,1.3427734375
5.2237913608551025,-7.369140625000001,-1.7609375,6.426464843750001,1.3427734375,-3.60107421875,0.54931640625
5.3241612911224365,-7.292578125,-1.6748046875000002,6.483886718750001,0.67138671875,-1.8310546875,0.6103515625
5.424854755401611,-7.359570312500001,-1.1005859375,6.507812500000001,0.67138671875,-1.3427734375,0.6103515625
5.525471210479736,-7.4361328125,-0.7991210937500001,6.5173828125,-0.30517578125,-0.54931640625,-3.60107421875
5.625836610794067,-7.082031250000001,-1.1771484375,6.4791015625,-1.03759765625,0.3662109375,-4.8828125
5.726104021072388,-7.45048828125,-2.1198242187500003,6.8475585937500005,-4.08935546875,-16.11328125,-12.02392578125
5.826802730560303,-6.976757812500001,-2.6031250000000004,6.6130859375,0.1220703125,-22.8271484375,-20.32470703125
5.927039384841919,-6.235058593750001,-2.48828125,7.3404296875,0.91552734375,-26.4892578125,-14.95361328125
6.027472257614136,-8.091699218750001,-2.97158203125,7.1490234375,-10.19287109375,11.3525390625,-18.798828125
6.127721309661865,-7.225585937500001,-3.3161132812500003,7.369140625000001,2.62451171875,-24.169921875,11.29150390625
6.228366851806641,-6.3833984375,-3.3591796875,7.21123046875,-2.8076171875,5.06591796875,-0.06103515625
6.3288047313690186,-6.62265625,-1.5982421875000001,7.393066406250001,6.16455078125,0.18310546875,6.103515625
6.429887533187866,-7.177734375000001,-1.9954101562500002,7.000683593750001,-1.953125,16.05224609375,5.43212890625
6.530219793319702,-6.373828125,-1.8183593750000002,7.321289062500001,-5.67626953125,7.26318359375,0.9765625
6.630702257156372,-6.7757812500000005,-1.9379882812500002,7.00546875,-2.9296875,18.12744140625,3.41796875
6.731040954589844,-6.5604492187500005,-2.03369140625,6.866699218750001,-4.82177734375,7.14111328125,-8.23974609375
6.831225395202637,-7.07724609375,-2.28251953125,6.6130859375,-2.25830078125,8.056640625,-1.953125
6.931567192077637,-6.881054687500001,-2.277734375,6.87626953125,0.30517578125,-4.150390625,4.69970703125
7.031971454620361,-6.83798828125,-2.0719726562500003,7.0389648437500005,4.82177734375,-4.150390625,9.3994140625
7.13225245475769,-7.335644531250001,-1.5408203125000002,6.718359375,4.21142578125,-10.68115234375,-2.44140625
7.23279333114624,-6.7997070312500005,-1.9571289062500001,6.98154296875,1.3427734375,-3.7841796875,0.3662109375
7.333239316940308,-6.3833984375,-1.7657226562500001,7.311718750000001,3.5400390625,-3.72314453125,2.197265625
7.435165166854858,-6.570019531250001,-1.7513671875,7.2830078125,-2.62451171875,3.60107421875,0.3662109375
7.536326885223389,-6.546093750000001,-1.8901367187500002,7.263867187500001,-1.46484375,2.9296875,-0.30517578125
7.636667966842651,-6.58916015625,-1.8422851562500002,7.201660156250001,1.77001953125,5.0048828125,-2.685546875
7.739503622055054,-6.68486328125,-1.8040039062500002,7.072460937500001,0.42724609375,2.197265625,-1.77001953125
7.840235471725464,-6.79013671875,-1.8901367187500002,7.0868164062500005,-0.67138671875,1.708984375,1.52587890625
7.940767526626587,-6.723144531250001,-1.8662109375000002,7.096386718750001,0.8544921875,0.30517578125,0.30517578125
8.041311740875244,-6.7279296875000005,-1.8183593750000002,7.082031250000001,0.3662109375,0.67138671875,0.54931640625
8.14176058769226,-6.718359375,-1.8375000000000001,7.096386718750001,-1.15966796875,1.5869140625,0.0
8.242196798324585,-6.7279296875000005,-1.8375000000000001,7.04375,-0.54931640625,1.708984375,-0.79345703125
8.342689990997314,-6.7279296875000005,-1.87099609375,7.072460937500001,1.5869140625,-1.52587890625,-1.953125
8.443342208862305,-7.00546875,-1.856640625,7.105957031250001,4.69970703125,-0.06103515625,0.9765625
8.543725967407227,-6.3690429687500005,-1.7083007812500002,7.22080078125,-3.41796875,-5.615234375,-4.638671875
8.644874572753906,-6.9911132812500005,-2.1006835937500004,6.7757812500000005,0.54931640625,5.43212890625,-4.2724609375
8.745576858520508,-7.072460937500001,-2.1916015625000003,6.92412109375,6.591796875,-6.591796875,2.99072265625
8.846203804016113,-6.354687500000001,-1.6556640625,7.321289062500001,-0.30517578125,2.13623046875,3.11279296875
8.946514129638672,-6.73271484375,-1.8853515625000001,7.153808593750001,3.23486328125,2.3193359375,1.03759765625
9.046979665756226,-6.83798828125,-1.5743164062500001,6.9911132812500005,-0.9765625,8.7890625,0.42724609375
9.147483825683594,-6.59873046875,-1.7609375,7.04375,-1.0986328125,2.74658203125,-0.06103515625
9.247970581054688,-6.7279296875000005,-1.83271484375,7.000683593750001,-2.44140625,3.84521484375,-0.91552734375
9.348236799240112,-6.7040039062500005,-2.0576171875,6.9576171875,-0.48828125,3.5400390625,-2.50244140625
9.44861888885498,-6.9001953125,-1.8757812500000002,7.096386718750001,-0.30517578125,0.8544921875,-2.5634765625
9.549205780029297,-6.83798828125,-1.8087890625,6.9576171875,-1.15966796875,-0.48828125,0.48828125
9.649553060531616,-6.8140625,-1.9092773437500001,6.9432617187500005,-1.03759765625,-0.79345703125,1.0986328125
9.749946355819702,-6.82841796875,-1.9954101562500002,6.9911132812500005,-0.3662109375,1.03759765625,-0.244140625
9.850458145141602,-6.82841796875,-1.9236328125000002,7.024609375000001,-0.3662109375,0.30517578125,0.18310546875
9.950671434402466,-6.794921875000001,-1.9044921875,7.048535156250001,0.0,-0.6103515625,1.03759765625
10.05137300491333,-6.761425781250001,-1.894921875,7.0389648437500005,1.52587890625,-0.6103515625,0.6103515625
10.151825189590454,-6.78056640625,-1.8662109375000002,7.024609375000001,2.13623046875,-0.67138671875,1.15966796875
10.252362251281738,-6.78056640625,-1.8087890625,7.04375,2.25830078125,-0.244140625,0.79345703125
10.352785587310791,-6.7662109375,-1.7561523437500002,7.04375,2.197265625,-0.3662109375,0.9765625
10.452928066253662,-6.756640625,-1.72744140625,7.034179687500001,1.89208984375,0.0,0.79345703125
10.55318546295166,-6.770996093750001,-1.703515625,7.04375,0.8544921875,-0.1220703125,0.6103515625
10.6538245677948,-6.7662109375,-1.7083007812500002,7.072460937500001,-0.48828125,0.0,0.18310546875
10.754324436187744,-6.7662109375,-1.7083007812500002,7.072460937500001,-0.48828125,0.0,0.18310546875
10.854609489440918,-6.785351562500001,-1.7226562500000002,7.048535156250001,-0.732421875,0.30517578125,0.06103515625
10.95591950416565,-6.79013671875,-1.7513671875,7.06767578125,-0.06103515625,0.18310546875,0.1220703125
11.056870698928833,-6.809277343750001,-1.82314453125,7.010253906250001,-1.40380859375,1.220703125,-0.732421875
11.15754222869873,-6.809277343750001,-1.82314453125,7.010253906250001,-1.40380859375,1.220703125,-0.732421875
11.257915735244751,-6.794921875000001,-1.8040039062500002,7.04375,0.48828125,-0.1220703125,-1.3427734375
11.358160972595215,-6.7757812500000005,-1.7705078125000002,7.01982421875,0.1220703125,-0.48828125,0.48828125
11.458958864212036,-6.7757812500000005,-1.7705078125000002,7.01982421875,0.1220703125,-0.48828125,0.48828125
11.559516429901123,-6.8236328125000005,-1.79921875,6.9958984375,0.6103515625,0.3662109375,-0.48828125
11.659833908081055,-6.794921875000001,-1.78486328125,7.02939453125,0.244140625,-0.42724609375,1.15966796875
11.760483264923096,-6.78056640625,-1.8040039062500002,7.02939453125,0.0,0.67138671875,-0.30517578125
11.861162662506104,-6.78056640625,-1.8040039062500002,7.02939453125,0.0,0.67138671875,-0.30517578125
11.961613655090332,-6.651367187500001,-1.5503906250000001,7.1107421875000005,1.40380859375,-1.40380859375,0.18310546875
12.061905860900879,-6.651367187500001,-1.5503906250000001,7.1107421875000005,1.40380859375,-1.40380859375,0.18310546875
12.163022756576538,-6.7757812500000005,-1.8662109375000002,7.06767578125,-0.732421875,-0.67138671875,0.30517578125
12.263627290725708,-6.7757812500000005,-1.8662109375000002,7.06767578125,-0.732421875,-0.67138671875,0.30517578125
12.363875389099121,-6.7662109375,-1.7896484375000001,7.105957031250001,0.3662109375,1.0986328125,-1.40380859375
12.46463918685913,-6.7997070312500005,-1.7705078125000002,7.01982421875,0.0,-1.708984375,2.44140625
12.56526517868042,-6.73271484375,-1.6987304687500002,7.072460937500001,1.03759765625,-1.953125,2.0751953125
12.665608406066895,-6.770996093750001,-1.703515625,7.058105468750001,1.64794921875,-1.28173828125,1.953125
12.765806674957275,-6.756640625,-1.64130859375,7.0916015625,-0.732421875,1.953125,1.46484375
12.866083860397339,-6.7757812500000005,-1.6460937500000001,7.101171875,1.40380859375,0.732421875,1.708984375
12.96666932106018,-6.78056640625,-1.6556640625,7.01982421875,0.30517578125,1.0986328125,-1.8310546875
13.067348957061768,-6.83798828125,-1.63173828125,7.0868164062500005,-0.1220703125,0.48828125,0.1220703125
13.167972087860107,-6.794921875000001,-1.6078125,7.072460937500001,0.8544921875,-0.42724609375,0.6103515625
13.26840615272522,-6.809277343750001,-1.6221679687500001,7.048535156250001,0.244140625,-0.3662109375,1.0986328125
13.368882417678833,-6.770996093750001,-1.58388671875,7.0916015625,0.3662109375,-0.6103515625,0.18310546875
13.469393014907837,-6.7757812500000005,-1.5982421875000001,7.07724609375,0.1220703125,-0.1220703125,0.0
13.569833755493164,-6.7518554687500005,-1.5791015625000002,7.1107421875000005,0.6103515625,-0.30517578125,0.1220703125
13.670276880264282,-6.809277343750001,-1.5982421875000001,7.07724609375,0.79345703125,-0.244140625,-0.244140625
13.770591020584106,-6.737500000000001,-1.5503906250000001,7.105957031250001,0.244140625,0.0,0.0
13.871035814285278,-6.785351562500001,-1.5599609375,7.082031250000001,0.54931640625,0.8544921875,0.0
13.971313238143921,-6.785351562500001,-1.5599609375,7.082031250000001,0.54931640625,0.8544921875,0.0
14.071741342544556,-6.8954101562500005,-1.6843750000000002,7.072460937500001,-0.42724609375,0.67138671875,-0.79345703125
14.172105550765991,-6.6609375,-1.4451171875000002,7.16337890625,1.953125,-2.38037109375,1.708984375
14.272368907928467,-6.7757812500000005,-1.5599609375,7.0868164062500005,0.6103515625,-1.03759765625,1.3427734375
14.37293291091919,-6.718359375,-1.5168945312500002,7.168164062500001,0.06103515625,0.0,0.79345703125
14.473177909851074,-6.7279296875000005,-1.4786132812500001,7.153808593750001,1.220703125,0.244140625,0.1220703125
14.573726654052734,-6.747070312500001,-1.4690429687500002,7.11552734375,1.64794921875,0.244140625,0.42724609375
14.674057245254517,-6.699218750000001,-1.45947265625,7.1346679687500005,1.77001953125,4.39453125,0.732421875
14.774347305297852,-6.881054687500001,-1.41640625,7.0533203125,2.685546875,10.3759765625,1.77001953125
14.874789237976074,-7.010253906250001,-1.3254882812500002,6.914550781250001,2.0751953125,12.8173828125,2.86865234375
14.975293636322021,-7.263867187500001,-1.12451171875,7.01982421875,0.06103515625,14.16015625,4.69970703125
15.075644254684448,-7.12509765625,-1.40205078125,6.761425781250001,-6.4697265625,26.7333984375,2.8076171875
15.176258325576782,-7.79501953125,-0.36367187500000003,6.92412109375,-12.26806640625,3.72314453125,15.44189453125
15.277048826217651,-7.02939453125,-0.6077148437500001,6.05322265625,-1.8310546875,-18.00537109375,13.85498046875
15.377481698989868,-7.35478515625,-1.12451171875,6.412109375000001,-5.2490234375,-57.9833984375,11.8408203125
15.477842807769775,-6.8619140625,-1.5551757812500002,6.718359375,3.35693359375,-25.08544921875,14.0380859375
15.578410387039185,-6.8236328125000005,-1.91884765625,7.4457031250000005,5.859375,-5.7373046875,7.6904296875
15.679069995880127,-6.196777343750001,-0.6794921875000001,7.550976562500001,0.79345703125,-9.6435546875,0.8544921875
15.779388666152954,-5.95751953125,-0.66513671875,7.6610351562500005,6.34765625,-6.65283203125,0.732421875
15.879881858825684,-5.9431640625,-0.516796875,7.728027343750001,5.859375,-5.7373046875,0.6103515625
15.980457544326782,-5.88095703125,-0.16269531250000002,7.6275390625,5.79833984375,2.0751953125,0.67138671875
16.080777168273926,-5.71826171875,-0.23925781250000003,7.522265625,5.92041015625,2.38037109375,3.96728515625
16.181580305099487,-6.412109375000001,-0.095703125,7.359570312500001,11.23046875,-26.06201171875,3.23486328125
16.28181552886963,-5.68955078125,-0.27753906250000004,8.115625000000001,10.6201171875,-28.25927734375,-0.30517578125
16.382439613342285,-5.86181640625,-0.14833984375,8.8908203125,1.64794921875,-13.7939453125,-3.72314453125
16.483047246932983,-4.38798828125,-0.19140625,8.441015625,-6.77490234375,-6.4697265625,-0.9765625
16.58340048789978,-4.612890625,-0.014355468750000001,8.455371093750001,-1.28173828125,2.74658203125,5.859375
16.68379545211792,-4.751660156250001,0.15791015625000002,7.73759765625,9.1552734375,2.44140625,13.48876953125
16.78410530090332,-4.4119140625,0.85654296875,7.8524414062500005,22.88818359375,8.72802734375,32.1044921875
16.884796142578125,-4.727734375000001,1.435546875,8.92431640625,16.41845703125,-10.986328125,52.24609375
16.985235452651978,-1.091015625,2.47392578125,7.8572265625,38.0859375,100.2197265625,101.13525390625
17.08581805229187,-4.751660156250001,4.77080078125,4.93828125,30.1513671875,235.2294921875,163.4521484375
17.18643617630005,-5.58427734375,7.527050781250001,1.4546875000000001,19.4091796875,157.28759765625,213.134765625
17.28693199157715,-6.747070312500001,13.599414062500001,0.7034179687500001,4.82177734375,70.86181640625,229.91943359375
17.387085437774658,-2.8806640625,9.866992187500001,1.9092773437500001,-8.544921875,-23.86474609375,90.9423828125
17.487677574157715,-6.1058593750000005,9.30234375,2.6222656250000003,16.9677734375,126.40380859375,-31.06689453125
17.588457107543945,-2.7706054687500004,9.49853515625,2.4547851562500003,-1.708984375,12.8173828125,-34.912109375
17.689067602157593,-3.521875,8.61328125,0.85654296875,10.55908203125,40.83251953125,-52.30712890625
17.78935933113098,-3.1486328125000003,8.43623046875,0.49765625,13.7939453125,-20.99609375,-44.86083984375
17.889796257019043,-3.1294921875000004,8.60849609375,0.57421875,19.95849609375,-37.353515625,-28.86962890625
17.990238189697266,-2.9380859375000004,8.517578125,1.225,18.73779296875,-42.1142578125,-13.73291015625
18.09063959121704,-2.99072265625,8.82861328125,1.6365234375000002,7.75146484375,-75.98876953125,1.46484375
18.19083070755005,-2.1341796875,8.51279296875,2.23466796875,4.5166015625,-83.80126953125,20.93505859375
18.291199207305908,-3.7946289062500003,8.718554687500001,2.12939453125,11.65771484375,57.373046875,3.60107421875
18.39161515235901,-3.6797851562500004,8.249609375,1.8614257812500001,3.96728515625,-5.67626953125,7.14111328125
18.49210500717163,-3.62236328125,8.6802734375,1.6269531250000002,3.72314453125,-26.123046875,-1.89208984375
18.5923810005188,-3.14384765625,8.73291015625,1.8279296875000002,3.60107421875,-36.0107421875,4.5166015625
18.693047761917114,-2.8041015625,8.0103515625,2.30166015625,1.52587890625,-15.56396484375,6.8359375
18.793814420700073,-2.82802734375,9.335839843750001,1.64130859375,1.15966796875,-16.11328125,-3.662109375
18.894845724105835,-1.2776367187500002,9.053515625000001,2.5361328125,-15.56396484375,-8.1787109375,4.39453125
18.995483875274658,-2.87587890625,8.402734375000001,2.0767578125000004,29.11376953125,19.775390625,-13.916015625
19.095996141433716,-3.59365234375,8.68505859375,1.320703125,2.3193359375,39.85595703125,-2.01416015625
19.196690559387207,-3.9238281250000004,9.130078125,2.354296875,2.62451171875,-29.78515625,-8.60595703125
19.29733633995056,-2.8854492187500003,8.65634765625,2.1437500000000003,1.0986328125,-28.86962890625,-0.79345703125
19.39766836166382,-2.65576171875,8.73291015625,2.09111328125,-1.52587890625,6.103515625,1.8310546875
19.49797797203064,-3.2251953125000004,8.8046875,2.25859375,-5.79833984375,3.96728515625,-3.96728515625
19.59845781326294,-2.469140625,8.163476562500001,2.0384765625,-2.3193359375,5.67626953125,-9.033203125
19.69904851913452,-2.469140625,8.163476562500001,2.0384765625,-2.3193359375,5.67626953125,-9.033203125
19.799410343170166,-4.689453125,8.63720703125,2.2681640625000004,4.45556640625,41.32080078125,4.57763671875
19.900092840194702,-3.71806640625,8.8525390625,1.6030273437500002,1.40380859375,-23.0712890625,2.74658203125
20.000603914260864,-2.76103515625,8.708984375,1.6221679687500001,1.52587890625,-30.1513671875,-1.15966796875
20.10097074508667,-2.68447265625,8.75205078125,2.2920898437500004,2.01416015625,4.82177734375,-1.77001953125
20.201375007629395,-3.28740234375,8.718554687500001,1.9714843750000002,-3.35693359375,6.9580078125,4.94384765625
20.30184316635132,-2.8854492187500003,8.5654296875,1.6269531250000002,0.48828125,8.36181640625,0.30517578125
20.402445316314697,-3.0816406250000004,8.814257812500001,1.8375000000000001,10.1318359375,12.51220703125,-1.3427734375
20.50279402732849,-5.01005859375,8.8908203125,2.1676757812500003,-3.5400390625,-52.79541015625,22.88818359375
20.60298228263855,-2.4404296875,8.742480468750001,1.67958984375,-6.53076171875,-34.97314453125,-12.26806640625
20.70338249206543,-1.8135742187500001,8.139550781250001,1.8183593750000002,5.126953125,13.671875,-2.685546875
20.803545713424683,-4.727734375000001,8.49365234375,1.9140625000000002,1.0986328125,26.91650390625,23.0712890625
20.904122829437256,-1.7417968750000001,9.2544921875,1.5647460937500002,-0.3662109375,-78.55224609375,21.240234375
21.004629135131836,-1.665234375,8.929101562500001,2.966796875,-7.38525390625,-10.19287109375,-3.7841796875
21.104987382888794,-2.4834960937500004,8.8908203125,2.3351562500000003,-3.23486328125,3.35693359375,2.99072265625
21.2057044506073,-2.3064453125,8.68505859375,2.2681640625000004,-2.50244140625,3.173828125,-0.79345703125
21.30611562728882,-2.3638671875000004,8.670703125000001,2.3112304687500003,0.244140625,2.0751953125,-0.79345703125
21.406500339508057,-2.3064453125,8.8525390625,2.45,0.6103515625,0.42724609375,-1.03759765625
21.5070960521698,-2.20595703125,8.737695312500001,2.4547851562500003,-1.5869140625,0.0,0.18310546875
21.60737371444702,-2.28251953125,8.708984375,2.3351562500000003,0.244140625,0.48828125,0.30517578125
21.708101511001587,-2.392578125,8.91474609375,2.52177734375,1.46484375,1.03759765625,2.25830078125
21.80869197845459,-2.41650390625,8.7951171875,2.5074218750000004,-1.46484375,-5.7373046875,-1.8310546875
21.909127473831177,-2.22509765625,8.79990234375,2.1963867187500004,0.42724609375,0.8544921875,-1.0986328125
22.00970482826233,-2.2920898437500004,8.909960937500001,2.36865234375,1.5869140625,5.43212890625,-0.48828125
22.110086679458618,-2.3447265625,8.8908203125,2.45,0.91552734375,3.662109375,-1.77001953125
22.210648775100708,-2.30166015625,8.857324218750001,2.5026367187500003,0.42724609375,0.8544921875,0.48828125
22.31120276451111,-2.4021484375,8.823828125,2.65576171875,-0.244140625,-0.3662109375,2.8076171875
22.411734580993652,-2.52177734375,8.900390625,2.27294921875,-1.8310546875,7.26318359375,-2.44140625
22.51204538345337,-2.3160156250000004,8.933886718750001,2.201171875,0.91552734375,17.76123046875,-5.0048828125
22.612550258636475,-2.545703125,8.84296875,2.201171875,5.31005859375,25.08544921875,-6.89697265625
22.712932586669922,-2.9093750000000003,8.81904296875,1.9954101562500002,2.3193359375,12.63427734375,-4.69970703125
22.81333041191101,-3.21083984375,8.857324218750001,1.7322265625000002,5.0048828125,29.60205078125,-16.05224609375
22.91369342803955,-3.5601562500000004,8.737695312500001,1.6269531250000002,6.53076171875,32.3486328125,-21.05712890625
23.01410174369812,-3.49794921875,8.5845703125,1.2919921875,4.7607421875,32.04345703125,-18.9208984375
23.114381551742554,-4.4501953125,8.43623046875,0.7464843750000001,8.544921875,43.76220703125,-26.79443359375
23.215167760849,-5.48857421875,8.240039062500001,0.33017578125,13.73291015625,52.18505859375,-45.0439453125
23.315690755844116,-5.6751953125000005,7.7806640625000005,-0.014355468750000001,13.3056640625,37.17041015625,-49.62158203125
23.41653537750244,-6.8044921875,7.21123046875,-0.9187500000000001,14.0380859375,-3.23486328125,-42.8466796875
23.516997814178467,-6.25419921875,6.689648437500001,-0.5646484375,3.7841796875,-68.54248046875,-23.86474609375
23.617425441741943,-6.50302734375,6.6130859375,0.15791015625000002,-0.54931640625,-55.5419921875,-11.962890625
23.717976093292236,-7.483984375,6.737500000000001,0.27753906250000004,1.953125,-2.685546875,-15.625
23.818777322769165,-7.6131835937500005,6.2494140625000005,0.44501953125000004,-0.91552734375,-33.26416015625,-22.705078125
23.91924238204956,-7.60361328125,5.7517578125,1.16279296875,-1.03759765625,-23.37646484375,-26.7333984375
24.019429206848145,-7.646679687500001,5.359375,1.1005859375,6.53076171875,-21.54541015625,-25.69580078125
24.119929552078247,-7.862011718750001,5.1488281250000005,1.7561523437500002,3.662109375,-30.57861328125,-21.3623046875
24.220401525497437,-7.809375,5.1009765625000005,2.85673828125,-4.94384765625,-79.833984375,-11.41357421875
24.32066249847412,-8.10126953125,4.67509765625,3.6127929687500004,-8.30078125,-63.90380859375,-19.22607421875
24.421226739883423,-7.41220703125,4.498046875,4.076953125,-0.1220703125,-30.57861328125,-17.333984375
24.522000789642334,-7.239941406250001,3.9668945312500004,4.1439453125000005,3.11279296875,-18.49365234375,-14.7705078125
24.622429847717285,-7.249511718750001,3.8472656250000004,4.9478515625,4.5166015625,-26.4892578125,-5.55419921875
24.722641944885254,-7.249511718750001,3.8472656250000004,4.9478515625,4.5166015625,-26.4892578125,-5.55419921875
24.822962999343872,-6.909765625,4.1200195312500005,5.359375,1.8310546875,-24.84130859375,-2.3193359375
24.923383951187134,-6.498242187500001,4.63681640625,5.5794921875000005,-0.9765625,-14.34326171875,3.5400390625
25.02388024330139,-6.3211914062500005,4.78037109375,5.1966796875000005,-5.92041015625,15.7470703125,-0.48828125
25.124205350875854,-6.3211914062500005,4.78037109375,5.1966796875000005,-5.92041015625,15.7470703125,-0.48828125
25.224567413330078,-7.35478515625,3.9908203125000004,4.880859375,-12.6953125,23.01025390625,3.2958984375
25.325011253356934,-7.330859375,3.9956054687500004,4.871289062500001,-0.6103515625,8.7890625,2.9296875
25.425718307495117,-7.192089843750001,4.3640625,4.8521484375,5.67626953125,5.37109375,1.46484375
25.52647352218628,-7.287792968750001,4.40234375,4.6224609375000005,1.28173828125,4.7607421875,0.9765625
25.62694549560547,-7.2782226562500005,4.34970703125,4.608105468750001,-0.48828125,4.82177734375,0.732421875
25.727322101593018,-7.40263671875,4.6033203125,4.995703125,-6.9580078125,-14.892578125,-1.77001953125
25.82741141319275,-7.3787109375,4.038671875,4.63681640625,-2.50244140625,-6.28662109375,-0.9765625
25.927547693252563,-7.0868164062500005,4.230078125,4.6942382812500005,-2.13623046875,-1.3427734375,2.197265625
26.028070211410522,-7.139453125,4.25400390625,4.8617187500000005,0.18310546875,4.08935546875,0.91552734375
26.12848925590515,-6.8619140625,4.23486328125,4.751660156250001,3.35693359375,14.16015625,3.5400390625
26.229037523269653,-6.8619140625,4.23486328125,4.751660156250001,3.35693359375,14.16015625,3.5400390625
26.329671621322632,-7.36435546875,4.37841796875,4.62724609375,0.0,4.57763671875,0.9765625
26.430028200149536,-7.36435546875,4.3832031250000005,4.68466796875,-2.685546875,0.244140625,-0.732421875
26.53024387359619,-7.3500000000000005,4.306640625,4.70859375,-2.9296875,-2.197265625,-1.03759765625
26.63071918487549,-7.3500000000000005,4.306640625,4.70859375,-2.9296875,-2.197265625,-1.03759765625
26.731199264526367,-7.192089843750001,4.34013671875,4.78515625,-2.197265625,-7.75146484375,-2.0751953125
26.831732749938965,-6.890625000000001,4.297070312500001,5.14404296875,-0.1220703125,-21.1181640625,-2.74658203125
26.9321346282959,-6.83798828125,4.19658203125,5.01005859375,0.1220703125,-22.5830078125,-3.96728515625
27.03288197517395,-6.83798828125,4.19658203125,5.01005859375,0.1220703125,-22.5830078125,-3.96728515625
27.133617877960205,-6.9958984375,4.2205078125,5.2828125,4.21142578125,-36.1328125,-4.21142578125
27.234102249145508,-6.196777343750001,4.392773437500001,5.95751953125,9.33837890625,-24.59716796875,-9.70458984375
27.33490562438965,-5.96708984375,4.40234375,6.0771484375,16.17431640625,-26.7333984375,-15.31982421875
27.435499906539917,-5.9814453125,4.0291015625,6.579589843750001,18.37158203125,-28.38134765625,-18.310546875
27.535680055618286,-5.5794921875000005,3.5601562500000004,6.747070312500001,15.07568359375,-29.96826171875,-17.51708984375
27.636270761489868,-4.8856445312500005,3.0720703125,7.560546875000001,5.67626953125,-24.658203125,-9.21630859375
27.736536026000977,-5.68955078125,3.76591796875,6.79013671875,-4.08935546875,4.150390625,-0.732421875
27.837506532669067,-5.68955078125,3.7754882812500004,7.010253906250001,-11.23046875,19.6533203125,5.67626953125
27.93804430961609,-5.59384765625,3.9716796875000004,6.93369140625,-7.2021484375,-0.48828125,3.173828125
28.038431644439697,-5.71826171875,3.8424804687500003,6.9193359375000005,-3.173828125,3.2958984375,3.96728515625
28.138803243637085,-5.708691406250001,3.9190429687500004,6.82841796875,-2.685546875,1.0986328125,1.8310546875
28.239174604415894,-5.7421875,3.9525390625,6.74228515625,-2.8076171875,2.25830078125,2.0751953125
28.339527130126953,-5.665625,3.9668945312500004,6.794921875000001,2.44140625,-2.3193359375,1.03759765625
28.439920902252197,-5.67041015625,4.09130859375,7.04375,6.103515625,-0.91552734375,0.79345703125
28.540567874908447,-5.565136718750001,3.9621093750000003,6.73271484375,5.55419921875,6.28662109375,2.0751953125
28.641103744506836,-5.6751953125000005,4.033886718750001,6.756640625,5.126953125,8.6669921875,3.72314453125
28.741848945617676,-5.83310546875,4.1678710937500005,6.5843750000000005,4.150390625,4.2724609375,1.8310546875
28.84247326850891,-5.82353515625,4.2205078125,6.4168945312500005,1.953125,5.0048828125,1.40380859375
28.943000078201294,-5.78525390625,4.2109375,6.459960937500001,-1.220703125,-1.220703125,-1.52587890625
29.04324197769165,-6.0819335937500005,4.2109375,6.450390625000001,-1.0986328125,-7.080078125,-2.9296875
29.143813133239746,-5.7469726562500005,4.230078125,6.498242187500001,-2.25830078125,-2.38037109375,-1.46484375
29.244619131088257,-6.2972656250000005,4.268359375,6.4168945312500005,-11.1083984375,43.76220703125,7.50732421875
29.345279932022095,-6.34990234375,3.9716796875000004,6.2015625000000005,-12.51220703125,26.0009765625,8.9111328125
29.445457220077515,-7.0533203125,3.9381835937500003,5.6751953125000005,-7.080078125,13.0615234375,6.591796875
29.545774459838867,-6.5173828125,4.0003906250000005,5.924023437500001,0.0,-6.9580078125,3.0517578125
29.646057844161987,-6.40732421875,3.98125,5.9814453125,-1.3427734375,1.77001953125,2.8076171875
29.7467303276062,-6.5173828125,4.1439453125000005,5.8426757812500005,1.708984375,-2.01416015625,1.03759765625
29.84749436378479,-6.3833984375,4.06259765625,6.1345703125,-2.9296875,0.67138671875,0.06103515625
29.947795629501343,-5.9144531250000005,3.78984375,6.335546875,-6.103515625,-0.18310546875,3.84521484375
30.048252820968628,-6.5843750000000005,4.09130859375,5.97666015625,-3.41796875,4.0283203125,5.18798828125
30.14840340614319,-6.235058593750001,4.14873046875,5.87138671875,-3.2958984375,5.126953125,5.4931640625
30.24893069267273,-6.35947265625,4.249218750000001,5.68955078125,-6.2255859375,20.1416015625,8.7890625
30.349344730377197,-6.952832031250001,4.2587890625,5.3880859375000005,-1.5869140625,18.37158203125,5.859375
30.44973111152649,-6.9001953125,4.273144531250001,5.2206054687500005,-1.03759765625,18.37158203125,4.08935546875
30.5502028465271,-6.9671875000000005,4.297070312500001,5.1775390625,-1.03759765625,7.87353515625,1.52587890625
30.65065908432007,-7.01982421875,4.24443359375,5.158398437500001,-0.8544921875,0.06103515625,-0.18310546875
30.75119709968567,-6.7997070312500005,4.076953125,5.3163085937500005,-1.953125,5.92041015625,1.8310546875
30.851484537124634,-7.000683593750001,4.1917968750000005,5.1009765625000005,-1.03759765625,11.65771484375,4.8828125
30.951932668685913,-7.048535156250001,4.3640625,4.8377929687500005,0.06103515625,17.39501953125,6.2255859375
31.053030014038086,-7.2447265625,4.47412109375,4.632031250000001,-0.91552734375,15.13671875,4.57763671875
31.15340566635132,-7.455273437500001,4.5746093750000005,4.4789062500000005,-0.06103515625,4.33349609375,1.52587890625
31.258036613464355,-7.292578125,4.42626953125,4.5650390625,0.42724609375,-1.953125,0.3662109375
31.35893964767456,-7.096386718750001,4.49326171875,4.655957031250001,0.8544921875,-1.40380859375,-0.1220703125
31.4591703414917,-7.168164062500001,4.4549804687500005,4.70859375,3.173828125,-2.0751953125,0.3662109375
31.55979895591736,-7.139453125,4.459765625,4.608105468750001,2.5634765625,-0.3662109375,0.79345703125
31.66034770011902,-7.2782226562500005,4.55546875,4.612890625,0.18310546875,5.126953125,0.18310546875
31.760629892349243,-7.21123046875,4.5267578125000005,4.56982421875,-0.06103515625,5.859375,0.67138671875
31.861159086227417,-7.321289062500001,4.57939453125,4.52197265625,0.732421875,1.708984375,0.1220703125
31.96172523498535,-7.263867187500001,4.512402343750001,4.43583984375,0.244140625,2.197265625,0.54931640625
32.06267261505127,-7.263867187500001,4.5076171875,4.464550781250001,0.244140625,-1.40380859375,0.06103515625
32.163235664367676,-7.2303710937500005,4.5985351562500005,4.5028320312500005,-0.244140625,-2.5634765625,-0.18310546875
32.26395392417908,-7.287792968750001,4.751660156250001,4.42626953125,1.0986328125,-1.5869140625,-2.44140625
32.36467623710632,-7.129882812500001,4.48369140625,4.392773437500001,1.5869140625,-6.8359375,-5.0048828125
32.46489095687866,-7.2064453125000005,4.416699218750001,4.6942382812500005,3.2958984375,-9.1552734375,-2.8076171875
32.56546759605408,-7.21123046875,4.29228515625,4.78037109375,1.89208984375,-2.50244140625,-0.3662109375
32.66569900512695,-7.129882812500001,4.4693359375,4.56982421875,0.3662109375,-1.708984375,1.46484375
32.76643371582031,-7.1346679687500005,4.498046875,4.6416015625,-0.244140625,1.28173828125,1.8310546875
32.8667414188385,-7.168164062500001,4.536328125000001,4.6463867187500005,-0.48828125,2.5634765625,1.8310546875
32.967262744903564,-7.321289062500001,4.584179687500001,4.7181640625000005,-0.67138671875,1.77001953125,1.220703125
33.06766867637634,-7.3500000000000005,4.612890625,4.58896484375,-1.15966796875,-1.03759765625,-0.9765625
33.168193340301514,-7.048535156250001,4.47412109375,4.76123046875,0.244140625,-4.69970703125,-1.8310546875
33.26884961128235,-7.1585937500000005,4.8330078125,4.612890625,-2.01416015625,-6.16455078125,-2.9296875
33.369168281555176,-6.8714843750000005,4.775585937500001,4.58896484375,0.30517578125,-15.380859375,-5.0048828125
33.46966600418091,-7.704101562500001,4.2396484375000005,5.086621093750001,6.04248046875,-30.1513671875,-10.80322265625
33.57020807266235,-6.8044921875,3.9908203125000004,5.421582031250001,7.8125,-44.0673828125,-17.63916015625
33.670729875564575,-6.6322265625000005,4.0673828125,5.73740234375,5.615234375,-44.00634765625,-18.1884765625
33.771196603775024,-6.01494140625,3.8903320312500003,6.4168945312500005,3.41796875,-47.18017578125,-16.845703125
33.87168765068054,-5.33544921875,3.7084960937500004,6.93369140625,0.79345703125,-33.99658203125,-12.51220703125
33.9722113609314,-4.8330078125,3.64150390625,7.488769531250001,-2.5634765625,-4.21142578125,1.15966796875
34.072680950164795,-5.565136718750001,3.7754882812500004,6.890625000000001,-2.0751953125,4.2724609375,2.38037109375
34.1732075214386,-5.8187500000000005,3.78505859375,6.770996093750001,-4.94384765625,6.7138671875,2.197265625
34.27382183074951,-5.6991210937500005,3.8281250000000004,7.12509765625,-1.708984375,0.06103515625,2.8076171875
34.37460660934448,-5.469433593750001,3.98125,6.842773437500001,-1.46484375,7.568359375,2.50244140625
34.4748649597168,-6.220703125000001,3.49794921875,6.7662109375,-3.47900390625,12.02392578125,1.89208984375
34.57549238204956,-5.608203125,3.7707031250000003,6.7518554687500005,-1.40380859375,8.7890625,-0.48828125
34.675774335861206,-5.684765625000001,3.83291015625,6.794921875000001,-2.38037109375,21.1181640625,0.6103515625
34.77610373497009,-5.9862304687500005,4.01474609375,7.4217773437500005,-22.4609375,54.01611328125,4.08935546875
34.87667727470398,-7.8189453125,3.5410156250000004,6.0005859375,-66.0400390625,151.79443359375,5.2490234375
34.97728967666626,-9.66123046875,2.2203125000000004,3.8759765625000004,-52.06298828125,41.50390625,-25.08544921875
35.07748532295227,-10.06318359375,1.5886718750000002,2.54091796875,-16.90673828125,-15.56396484375,-64.63623046875
35.17797136306763,-8.886035156250001,0.25361328125000004,3.426171875,-1.52587890625,-53.16162109375,-74.0966796875
35.27871584892273,-8.168261718750001,-0.5790039062500001,5.01962890625,16.7236328125,-60.36376953125,-77.08740234375
35.37924909591675,-7.144238281250001,-1.1819335937500002,6.412109375000001,27.2216796875,-63.29345703125,-75.37841796875
35.479575872421265,-5.6034179687500005,-1.3733398437500002,6.9432617187500005,28.01513671875,-79.4677734375,-63.1103515625
35.58022451400757,-4.4693359375,-0.8948242187500001,8.1060546875,22.705078125,-39.306640625,-26.91650390625
35.68057680130005,-5.416796875,-1.3015625000000002,8.67548828125,13.18359375,-3.96728515625,-10.92529296875
35.78097200393677,-4.7373046875,-1.1580078125000002,8.87646484375,2.5634765625,1.46484375,0.244140625
35.8812038898468,-5.455078125,-1.3685546875,7.718457031250001,0.9765625,16.4794921875,6.9580078125
35.981754541397095,-5.39287109375,-1.6556640625,8.20654296875,-1.28173828125,13.671875,2.3193359375
36.08230376243591,-5.804394531250001,-1.63173828125,7.933789062500001,-0.9765625,6.34765625,-0.244140625
36.18264555931091,-5.761328125,-1.5264648437500001,7.9146484375,0.48828125,10.19287109375,-0.3662109375
36.28325343132019,-6.0388671875,-1.5551757812500002,7.7567382812500005,-1.46484375,10.1318359375,0.06103515625
36.38363194465637,-6.05322265625,-1.5982421875000001,7.6610351562500005,-0.18310546875,6.16455078125,0.1220703125
36.48383569717407,-6.2494140625000005,-1.58388671875,7.55576171875,-0.9765625,5.859375,0.6103515625
36.58414077758789,-6.2876953125,-1.6221679687500001,7.5414062500000005,-0.42724609375,2.25830078125,1.0986328125
36.68468356132507,-6.258984375000001,-1.58388671875,7.5174804687500005,-0.1220703125,0.54931640625,0.0
36.78524827957153,-6.2972656250000005,-1.5886718750000002,7.5701171875,0.244140625,-0.30517578125,0.18310546875
36.885668992996216,-6.282910156250001,-1.6173828125,7.522265625,-0.54931640625,0.54931640625,-0.1220703125
36.986112117767334,-6.2972656250000005,-1.6125976562500002,7.5653320312500005,-0.91552734375,0.6103515625,0.30517578125
37.08670997619629,-6.196777343750001,-1.56953125,7.4935546875000005,0.42724609375,0.30517578125,0.3662109375
37.18742227554321,-6.335546875,-1.6078125,7.512695312500001,0.244140625,0.1220703125,-0.1220703125
37.28775763511658,-6.316406250000001,-1.63173828125,7.5174804687500005,0.0,0.3662109375,-0.54931640625
37.38839650154114,-6.26376953125,-1.6269531250000002,7.5414062500000005,1.3427734375,-0.3662109375,-0.06103515625
37.48913645744324,-6.2876953125,-1.58388671875,7.522265625,3.662109375,-1.0986328125,-0.48828125
37.589306354522705,-6.306835937500001,-1.50732421875,7.50791015625,3.2958984375,-1.40380859375,0.30517578125
37.68986201286316,-6.2494140625000005,-1.48818359375,7.54619140625,2.74658203125,-1.3427734375,1.0986328125
37.790560483932495,-6.2733398437500005,-1.4307617187500001,7.50791015625,1.52587890625,0.9765625,1.220703125
37.890753507614136,-6.26376953125,-1.3876953125,7.622753906250001,0.54931640625,-2.197265625,0.8544921875
37.991275787353516,-6.30205078125,-1.2776367187500002,7.5174804687500005,-0.30517578125,-2.25830078125,3.23486328125
38.09149932861328,-6.220703125000001,-1.44990234375,7.6275390625,-0.30517578125,-2.38037109375,3.96728515625
38.19172143936157,-6.1919921875,-1.2872070312500001,7.675390625,-0.8544921875,0.06103515625,0.1220703125
38.29203248023987,-6.125,-1.3589843750000001,7.488769531250001,-5.55419921875,4.94384765625,-1.220703125
38.39286994934082,-6.3833984375,-1.68916015625,7.608398437500001,-5.37109375,7.87353515625,-2.99072265625
38.49313139915466,-6.316406250000001,-1.4690429687500002,7.622753906250001,2.5634765625,0.1220703125,-4.39453125
38.59354877471924,-6.244628906250001,-1.53603515625,7.41220703125,-3.5400390625,-0.18310546875,4.2724609375
38.69454908370972,-6.244628906250001,-1.53603515625,7.41220703125,-3.5400390625,-0.18310546875,4.2724609375
38.79519510269165,-6.354687500000001,-1.6269531250000002,7.5653320312500005,-0.1220703125,-0.54931640625,0.1220703125
38.89587998390198,-6.364257812500001,-1.5791015625000002,7.3978515625000005,2.50244140625,0.6103515625,-2.3193359375
38.99652886390686,-6.43125,-1.3876953125,7.503125000000001,0.91552734375,0.1220703125,-0.79345703125
39.09721541404724,-6.306835937500001,-1.5264648437500001,7.488769531250001,0.48828125,-0.3662109375,0.18310546875
39.19731163978577,-6.2876953125,-1.44990234375,7.40263671875,0.79345703125,-0.3662109375,0.0
39.2977352142334,-6.2876953125,-1.44990234375,7.40263671875,0.79345703125,-0.3662109375,0.0
39.3981671333313,-6.402539062500001,-1.5503906250000001,7.55576171875,-0.42724609375,1.03759765625,-0.30517578125
39.49890685081482,-6.402539062500001,-1.5503906250000001,7.55576171875,-0.42724609375,1.03759765625,-0.30517578125
39.59922409057617,-6.459960937500001,-1.53603515625,7.431347656250001,-1.03759765625,0.0,0.244140625
39.69972038269043,-6.459960937500001,-1.53603515625,7.431347656250001,-1.03759765625,0.0,0.244140625
39.799904584884644,-6.31162109375,-1.49775390625,7.479199218750001,-0.8544921875,-0.67138671875,-0.06103515625
39.90026879310608,-6.373828125,-1.512109375,7.440917968750001,0.1220703125,-0.06103515625,-0.30517578125
40.00054168701172,-6.364257812500001,-1.54560546875,7.4361328125,-0.1220703125,-0.3662109375,0.30517578125
40.10147833824158,-6.388183593750001,-1.6125976562500002,7.46005859375,0.0,0.1220703125,-0.18310546875
40.201642751693726,-6.412109375000001,-1.5743164062500001,7.440917968750001,0.0,0.30517578125,0.06103515625
40.30213189125061,-6.373828125,-1.5025390625000001,7.440917968750001,0.42724609375,-0.79345703125,0.42724609375
40.402727127075195,-6.335546875,-1.5408203125000002,7.464843750000001,0.3662109375,-1.03759765625,0.30517578125
40.50315046310425,-6.354687500000001,-1.5551757812500002,7.4744140625,0.244140625,-1.28173828125,0.732421875
40.603392124176025,-6.373828125,-1.5264648437500001,7.4744140625,-0.244140625,-0.3662109375,0.30517578125
40.70357656478882,-6.244628906250001,-1.44990234375,7.46005859375,0.30517578125,-0.18310546875,0.732421875
40.80402445793152,-6.30205078125,-1.5408203125000002,7.536621093750001,0.0,0.0,-0.6103515625
40.90442895889282,-6.4647460937500005,-1.5886718750000002,7.4744140625,0.3662109375,-0.48828125,0.244140625
41.00464391708374,-6.4647460937500005,-1.5886718750000002,7.4744140625,0.3662109375,-0.48828125,0.244140625
41.10505437850952,-6.3259765625,-1.5168945312500002,7.45048828125,-0.18310546875,-0.54931640625,0.6103515625
41.205647706985474,-6.340332031250001,-1.5503906250000001,7.4744140625,-0.18310546875,-0.06103515625,0.0
41.306278228759766,-6.330761718750001,-1.5025390625000001,7.4935546875000005,-0.1220703125,-0.30517578125,0.1220703125
41.40688872337341,-6.335546875,-1.48818359375,7.512695312500001,0.06103515625,-0.54931640625,0.0
41.50749230384827,-6.354687500000001,-1.5599609375,7.503125000000001,-0.67138671875,0.6103515625,0.0
41.60768413543701,-6.31162109375,-1.48818359375,7.50791015625,-0.18310546875,0.244140625,-0.30517578125
41.70816349983215,-6.335546875,-1.5168945312500002,7.503125000000001,-0.1220703125,0.06103515625,0.06103515625
41.80895662307739,-6.25419921875,-1.4690429687500002,7.512695312500001,1.03759765625,-0.8544921875,0.244140625
41.90943622589111,-6.335546875,-1.59345703125,7.4696289062500005,1.220703125,-0.30517578125,-0.244140625
